planeta,periodo_dias,harmonico,frecuencia_hz,resonancia,ciclos_completados
Mercurio,87.97,13,1.315684218946695e-07,1.7103894846307034e-06,4.151983630783222
Venus,224.7,9,5.150900789530074e-08,4.635810710577067e-07,1.6255006675567425
Tierra,365.25,1,3.168808781402895e-08,3.168808781402895e-08,1.0
Marte,686.98,7,1.684775986793513e-08,1.179343190755459e-07,0.5316748668083495
Jupiter,4332.59,5,2.6713984185150393e-09,1.3356992092575196e-08,0.0843029227321302
Saturno,10759.22,3,1.0757354226490467e-09,3.22720626794714e-09,0.03394762817378955
